target_index,pkb_id,length,original_target,recolored_target,g_big_dotbracket,g_small_dotbracket,target_pair_count,g_big_pair_count,g_small_pair_count
1,PKB00001,47,..............((((((.....[[[))))))....]]]......,..............((((((.....[[[))))))....]]]......,..............((((((........)))))).............,.........................[[[..........]]]......,9,6,3
2,PKB00002,50,.............(((((..[[[[)))))......]]]]...........,.............(((((..[[[[)))))......]]]]...........,.............(((((......))))).....................,....................[[[[...........]]]]...........,9,5,4
3,PKB00003,54,................((((((...[[[[))))))............]]]]...,................((((((...[[[[))))))............]]]]...,................((((((.......))))))...................,.........................[[[[..................]]]]...,10,6,4
4,PKB00004,50,...............(((((..[[[[[[)))))...........]]]]]],...............[[[[[..((((((]]]]]...........)))))),......................((((((................)))))),...............[[[[[........]]]]].................,11,6,5
5,PKB00005,41,...............(((....[[[[[)))...]]]]]...,...............[[[....(((((]]]...)))))...,......................(((((......)))))...,...............[[[.........]]]...........,8,5,3
6,PKB00006,42,...............(((...[[[[[[)))...]]]]]]...,...............[[[...((((((]]]...))))))...,.....................((((((......))))))...,...............[[[.........]]]............,9,6,3
7,PKB00007,42,................(((..[[[[[[)))...]]]]]]...,................[[[..((((((]]]...))))))...,.....................((((((......))))))...,................[[[........]]]............,9,6,3
8,PKB00008,40,..............(((..[[[[[[)))..]]]]]]....,..............[[[..((((((]]]..))))))....,...................((((((.....))))))....,..............[[[........]]]............,9,6,3
9,PKB00010,40,..............(((...[[[[[[)))..]]]]]]...,..............[[[...((((((]]]..))))))...,....................((((((.....))))))...,..............[[[.........]]]...........,9,6,3
10,PKB00012,40,..............(((...[[[[[)))...]]]]]....,..............[[[...(((((]]]...)))))....,....................(((((......)))))....,..............[[[........]]]............,8,5,3
11,PKB00015,41,..............(((..[[[[[[)))...]]]]]]....,..............[[[..((((((]]]...))))))....,...................((((((......))))))....,..............[[[........]]].............,9,6,3
12,PKB00017,42,...............(((....[[[[[)))...]]]]]....,...............[[[....(((((]]]...)))))....,......................(((((......)))))....,...............[[[.........]]]............,8,5,3
13,PKB00018,38,...............(((...[[[[)))..]]]]....,...............[[[...((((]]]..))))....,.....................((((.....))))....,...............[[[.......]]]..........,7,4,3
14,PKB00022,39,...............(((...[[[[)))...]]]]....,...............[[[...((((]]]...))))....,.....................((((......))))....,...............[[[.......]]]...........,7,4,3
15,PKB00025,37,...............(((..[[[[)))..]]]]....,...............[[[..((((]]]..))))....,....................((((.....))))....,...............[[[......]]]..........,7,4,3
16,PKB00030,41,...............(((...[[[[[)))...]]]]]....,...............[[[...(((((]]]...)))))....,.....................(((((......)))))....,...............[[[........]]]............,8,5,3
17,PKB00031,40,...............(((...[[[[[)))...]]]]]...,...............[[[...(((((]]]...)))))...,.....................(((((......)))))...,...............[[[........]]]...........,8,5,3
18,PKB00032,38,.............(((..[[[[[[)))..]]]]]]...,.............[[[..((((((]]]..))))))...,..................((((((.....))))))...,.............[[[........]]]...........,9,6,3
19,PKB00033,40,.............(((....[[[[[)))...]]]]]....,.............[[[....(((((]]]...)))))....,....................(((((......)))))....,.............[[[.........]]]............,8,5,3
20,PKB00042,39,.............((((..[[[.)))).........]]],.............((((..[[[.)))).........]]],.............((((......))))............,...................[[[..............]]],7,4,3
21,PKB00043,39,.............((((..[[[[))))........]]]],.............((((..[[[[))))........]]]],.............((((......))))............,...................[[[[............]]]],8,4,4
22,PKB00044,39,............(((((..[[[.)))))........]]],............(((((..[[[.)))))........]]],............(((((......)))))...........,...................[[[..............]]],8,5,3
23,PKB00045,41,.............((((((..[[[[))))))......]]]],.............((((((..[[[[))))))......]]]],.............((((((......))))))..........,.....................[[[[............]]]],10,6,4
24,PKB00046,39,............(((((..[[[[))))).......]]]],............(((((..[[[[))))).......]]]],............(((((......)))))...........,...................[[[[............]]]],9,5,4
25,PKB00047,61,...........((((((((.[[[[[[[)))).))))..................]]]]]]],...........((((((((.[[[[[[[)))).))))..................]]]]]]],...........((((((((........)))).)))).........................,....................[[[[[[[...........................]]]]]]],15,8,7
26,PKB00048,61,...........((((((.(..[[[[[[[).))))))..................]]]]]]],...........((((((.(..[[[[[[[).))))))..................]]]]]]],...........((((((.(.........).)))))).........................,.....................[[[[[[[..........................]]]]]]],14,7,7
27,PKB00049,30,(((((.[[[[[[..))))).....]]]]]],[[[[[.((((((..]]]]].....)))))),......((((((............)))))),[[[[[.........]]]]]...........,11,6,5
28,PKB00050,59,(((((((((((..(((...[[[[[)))..))))....)))))))..........]]]]],(((((((((((..(((...[[[[[)))..))))....)))))))..........]]]]],(((((((((((..(((........)))..))))....)))))))...............,...................[[[[[..............................]]]]],19,14,5
29,PKB00051,46,((((...(((((.[[[[[)))))...))))...........]]]]],((((...(((((.[[[[[)))))...))))...........]]]]],((((...(((((......)))))...))))................,.............[[[[[.......................]]]]],14,9,5
30,PKB00052,52,((((((((((.(((.[[[.[[[))).)))))))))).........]]].]]],((((((((((.(((.[[[.[[[))).)))))))))).........]]].]]],((((((((((.(((........))).))))))))))................,...............[[[.[[[.......................]]].]]],19,13,6
31,PKB00053,22,..(((.[[[[))).....]]]],..[[[.((((]]].....)))),......((((........)))),..[[[.....]]].........,7,4,3
32,PKB00054,22,(((.[[[[[[)))...]]]]]],[[[.((((((]]]...)))))),....((((((......)))))),[[[.......]]].........,9,6,3
33,PKB00055,30,((((.....[[[[[))))......].]]]],[[[[.....(((((]]]]......).)))),.........(((((..........).)))),[[[[..........]]]]............,9,5,4
34,PKB00056,24,((((((.[[[[))))))...]]]],((((((.[[[[))))))...]]]],((((((.....)))))).......,.......[[[[.........]]]],10,6,4
35,PKB00057,67,(((((((....[[[[((((.....((((((((.....))))))))))))))))))).......]]]],(((((((....[[[[((((.....((((((((.....))))))))))))))))))).......]]]],(((((((........((((.....((((((((.....)))))))))))))))))))...........,...........[[[[................................................]]]],23,19,4
36,PKB00065,46,((((((((...[[[[[[[......))).......]]]]]]]))))),((((([[[...(((((((......]]].......)))))))))))),(((((......(((((((................)))))))))))),.....[[[................]]]...................,15,12,3
37,PKB00066,40,.......(((..[[[[[....))).......]]]]]....,.......[[[..(((((....]]].......)))))....,............(((((..............)))))....,.......[[[...........]]]................,8,5,3
38,PKB00067,30,(((((..[[[.[[))))).......]]]]],(((((..[[[.[[))))).......]]]]],(((((........)))))............,.......[[[.[[............]]]]],10,5,5
39,PKB00068,68,(((.(((....((((.[[[[[[[..........)))).....))).)))............]]]]]]],(((.(((....((((.[[[[[[[..........)))).....))).)))............]]]]]]],(((.(((....((((..................)))).....))).)))...................,................[[[[[[[......................................]]]]]]],17,10,7
40,PKB00069,61,(((((((((........................[[[[[[[))))))).))...]]].]]]],(((((((((........................[[[[[[[))))))).))...]]].]]]],(((((((((...............................))))))).))...........,.................................[[[[[[[.............]]].]]]],16,9,7
41,PKB00070,55,((((((..((.(((.[[[.[[[))).))..))))))...........]]]..]]],((((((..((.(((.[[[.[[[))).))..))))))...........]]]..]]],((((((..((.(((........))).))..))))))...................,...............[[[.[[[.........................]]]..]]],17,11,6
42,PKB00072,67,((((.((((((.[[[[[[[))))))))))...............................]]]]]]],((((.((((((.[[[[[[[))))))))))...............................]]]]]]],((((.((((((........))))))))))......................................,............[[[[[[[.........................................]]]]]]],17,10,7
43,PKB00073,33,.(((((.[[[[[[[))))).......]]]]]]],.[[[[[.(((((((]]]]].......))))))),.......(((((((............))))))),.[[[[[........]]]]]..............,12,7,5
44,PKB00074,28,((((.[[[[[[[)))).....]]]]]]],[[[[.(((((((]]]].....))))))),.....(((((((.........))))))),[[[[........]]]]............,11,7,4
45,PKB00076,89,(((((((........[[[[(((.......))))))))))...(((((((....((((....))))..)))))))......]]]].....,(((((((........[[[[(((.......))))))))))...(((((((....((((....))))..)))))))......]]]].....,(((((((............(((.......))))))))))...(((((((....((((....))))..)))))))...............,...............[[[[.............................................................]]]].....,25,21,4
46,PKB00078,62,...........((((((((.[[[[[[[)))).))))..................]]]]]]].,...........((((((((.[[[[[[[)))).))))..................]]]]]]].,...........((((((((........)))).))))..........................,....................[[[[[[[...........................]]]]]]].,15,8,7
47,PKB00079,61,...........((((((((..[[[[[[[)))))))).................]]]]]]].,...........((((((((..[[[[[[[)))))))).................]]]]]]].,...........((((((((.........)))))))).........................,.....................[[[[[[[.........................]]]]]]].,15,8,7
48,PKB00080,49,..............(((((.[[[[[[[.)))))........]]]]]]].,..............[[[[[.(((((((.]]]]]........))))))).,....................(((((((..............))))))).,..............[[[[[.........]]]]]................,12,7,5
49,PKB00081,26,(((....[[[[[)))......]]]]],[[[....(((((]]]......))))),.......(((((.........))))),[[[.........]]]...........,8,5,3
50,PKB00082,26,..(((...[[[[)))......]]]].,..[[[...((((]]]......)))).,........((((.........)))).,..[[[.......]]]...........,7,4,3
51,PKB00083,24,.(((.[[[[[[)))...]]]]]].,.[[[.((((((]]]...)))))).,.....((((((......)))))).,.[[[.......]]]..........,9,6,3
52,PKB00084,32,.((((.....[[[[[))))......].]]]].,.[[[[.....(((((]]]]......).)))).,..........(((((..........).)))).,.[[[[..........]]]].............,9,5,4
53,PKB00085,24,.(((..[[[[[[)))..]]]]]].,.[[[..((((((]]]..)))))).,......((((((.....)))))).,.[[[........]]].........,9,6,3
54,PKB00086,22,..((.[[[[[))....]]]]].,..[[.(((((]]....))))).,.....(((((......))))).,..[[......]]..........,7,5,2
55,PKB00088,62,...........((((((((...[[[[[[)))).))))..................]]]]]].,...........((((((((...[[[[[[)))).))))..................]]]]]].,...........((((((((.........)))).)))).........................,......................[[[[[[...........................]]]]]].,14,8,6
56,PKB00089,33,.((((((((..[[[[)))))))).....]]]].,.((((((((..[[[[)))))))).....]]]].,.((((((((......))))))))..........,...........[[[[.............]]]].,12,8,4
57,PKB00091,33,.((((.....[[[[[))))......].]]]]..,.[[[[.....(((((]]]]......).))))..,..........(((((..........).))))..,.[[[[..........]]]]..............,9,5,4
58,PKB00092,27,.(((((.[[[[[)))))....]]]]].,.(((((.[[[[[)))))....]]]]].,.(((((......)))))..........,.......[[[[[.........]]]]].,10,5,5
59,PKB00094,33,.((((.....[[[[.))))........]]]]..,.((((.....[[[[.))))........]]]]..,.((((..........))))..............,..........[[[[.............]]]]..,8,4,4
60,PKB00095,23,.(((.[[[[)))......]]]].,.[[[.((((]]]......)))).,.....((((.........)))).,.[[[.....]]]...........,7,4,3
61,PKB00098,62,...........((((((.((.[[[[[[[))))))))..................]]]]]]].,...........((((((.((.[[[[[[[))))))))..................]]]]]]].,...........((((((.((........))))))))..........................,.....................[[[[[[[..........................]]]]]]].,15,8,7
62,PKB00099,63,...........((((((((.[[[[[[[)))).))))..................]]]]]]]..,...........((((((((.[[[[[[[)))).))))..................]]]]]]]..,...........((((((((........)))).))))...........................,....................[[[[[[[...........................]]]]]]]..,15,8,7
63,PKB00100,31,.((((((..[[[[[[))))))...]]]]]].,.((((((..[[[[[[))))))...]]]]]].,.((((((........))))))..........,.........[[[[[[.........]]]]]].,12,6,6
64,PKB00101,26,.((((.[[[[[[))))...]]]]]].,.[[[[.((((((]]]]...)))))).,......((((((.......)))))).,.[[[[.......]]]]..........,10,6,4
65,PKB00102,24,.((((.[[[[)))).....]]]].,.((((.[[[[)))).....]]]].,.((((.....))))..........,......[[[[.........]]]].,8,4,4
66,PKB00103,25,.(((.[[[[)))........]]]].,.[[[.((((]]]........)))).,.....((((...........)))).,.[[[.....]]].............,7,4,3
67,PKB00104,26,.(((.[[[[[[.)))....]]]]]].,.[[[.((((((.]]]....)))))).,.....((((((........)))))).,.[[[........]]]...........,9,6,3
68,PKB00107,52,..............((((((.[[[[[[))))))............]]]]]].,..............((((((.[[[[[[))))))............]]]]]].,..............((((((.......))))))...................,.....................[[[[[[..................]]]]]].,12,6,6
69,PKB00108,35,...((((...[[[[.[[[))))....]]].]]]].,...[[[[...((((.(((]]]]....))).)))).,..........((((.(((........))).)))).,...[[[[...........]]]].............,11,7,4
70,PKB00110,33,.((((....[[[[[[))))......].]]]]].,.[[[[....((((((]]]]......).))))).,.........((((((..........).))))).,.[[[[..........]]]]..............,10,6,4
71,PKB00120,36,.((((((.[[[[[[)))))).........]]]]]].,.((((((.[[[[[[)))))).........]]]]]].,.((((((.......))))))................,........[[[[[[...............]]]]]].,12,6,6
72,PKB00121,26,.(((..[[[[[)))......]]]]].,.[[[..(((((]]]......))))).,......(((((.........))))).,.[[[.......]]]............,8,5,3
73,PKB00122,31,.(((((...[[[[[[[)))))..]]]]]]].,.[[[[[...(((((((]]]]]..))))))).,.........(((((((.......))))))).,.[[[[[..........]]]]]..........,12,7,5
74,PKB00123,26,.((((..[[[[[[))))..]]]]]].,.[[[[..((((((]]]]..)))))).,.......((((((......)))))).,.[[[[........]]]].........,10,6,4
75,PKB00124,29,.(((.[[[[[[[)))......]]]]]]].,.[[[.(((((((]]]......))))))).,.....(((((((.........))))))).,.[[[........]]]..............,10,7,3
76,PKB00125,25,.(((..[[[[[[)))...]]]]]].,.[[[..((((((]]]...)))))).,......((((((......)))))).,.[[[........]]]..........,9,6,3
77,PKB00126,27,..(((..[[[[[[)))....]]]]]].,..[[[..((((((]]]....)))))).,.......((((((.......)))))).,..[[[........]]]...........,9,6,3
78,PKB00131,48,(((((..[[[[[[))))).....((((((......)))))).]]]]]],[[[[[..((((((]]]]].....((((((......)))))).)))))),.......((((((..........((((((......)))))).)))))),[[[[[........]]]]]..............................,17,12,5
79,PKB00132,49,(((((..[[[[[))))).....(((((((.......))))))).]]]]],(((((..[[[[[))))).....(((((((.......))))))).]]]]],(((((.......))))).....(((((((.......)))))))......,.......[[[[[................................]]]]],17,12,5
80,PKB00138,96,.((((((((..((((((..[[[[[.))))))....((((((.....)))))))))))))).((((((.....)))))).........]]]]]....,.((((((((..((((((..[[[[[.))))))....((((((.....)))))))))))))).((((((.....)))))).........]]]]]....,.((((((((..((((((........))))))....((((((.....)))))))))))))).((((((.....))))))..................,...................[[[[[...............................................................]]]]]....,31,26,5
81,PKB00139,70,..((((((.....[[[((((.....((((((((.....)))))))))))))))))).........]]]..,..((((((.....[[[((((.....((((((((.....)))))))))))))))))).........]]]..,..((((((........((((.....((((((((.....))))))))))))))))))..............,.............[[[.................................................]]]..,21,18,3
82,PKB00140,69,.((((((((....[[[[((((((.((..(((.....))).)).)))))))))))))).......]]]].,.((((((((....[[[[((((((.((..(((.....))).)).)))))))))))))).......]]]].,.((((((((........((((((.((..(((.....))).)).))))))))))))))............,.............[[[[...............................................]]]].,23,19,4
83,PKB00141,70,.(((((((((....[[[.(((((...((((.....))))....)))))))))))))).........]]].,.(((((((((....[[[.(((((...((((.....))))....)))))))))))))).........]]].,.(((((((((........(((((...((((.....))))....)))))))))))))).............,..............[[[.................................................]]].,21,18,3
84,PKB00142,71,.(((((((....[[[[[((((((...(((.(((.....))).)))))))))))))))).......]]]]].,.(((((((....[[[[[((((((...(((.(((.....))).)))))))))))))))).......]]]]].,.(((((((.........((((((...(((.(((.....))).)))))))))))))))).............,............[[[[[................................................]]]]].,24,19,5
85,PKB00143,71,.(((((((....[[[[[(((....(((((((((.....)))))))))))))))))))........]]]]].,.(((((((....[[[[[(((....(((((((((.....)))))))))))))))))))........]]]]].,.(((((((.........(((....(((((((((.....)))))))))))))))))))..............,............[[[[[................................................]]]]].,24,19,5
86,PKB00144,71,.((((((((....[[[[((((.....((((((((.....)))))))))))))))))))).......]]]].,.((((((((....[[[[((((.....((((((((.....)))))))))))))))))))).......]]]].,.((((((((........((((.....((((((((.....))))))))))))))))))))............,.............[[[[.................................................]]]].,24,20,4
87,PKB00145,58,.(((((..[[[[[[(((((((.........)))))))))))).........]]]]]].,.[[[[[..(((((((((((((.........)))))))]]]]].........)))))).,........(((((((((((((.........)))))))..............)))))).,.[[[[[...............................]]]]]................,18,13,5
88,PKB00146,50,.(((((...[[[[[((.(((...))))))))))...........]]]]].,.(((((...[[[[[((.(((...))))))))))...........]]]]].,.(((((........((.(((...)))))))))).................,.........[[[[[..............................]]]]].,15,10,5
89,PKB00147,51,.((((((((((...[[..[[[[[[)))))))))).......]]]]]].]].,.((((((((((...[[..[[[[[[)))))))))).......]]]]]].]].,.((((((((((.............)))))))))).................,..............[[..[[[[[[.................]]]]]].]].,18,10,8
90,PKB00151,32,.((((....[[[[[[[))))...]]]]]]]..,.[[[[....(((((((]]]]...)))))))..,.........(((((((.......)))))))..,.[[[[...........]]]]............,11,7,4
91,PKB00152,26,.(((.[[[[[[[)))...]]]]]]].,.[[[.(((((((]]]...))))))).,.....(((((((......))))))).,.[[[........]]]...........,10,7,3
92,PKB00154,26,.(((((.[[[[[)))))..]]]]]..,.(((((.[[[[[)))))..]]]]]..,.(((((......))))).........,.......[[[[[.......]]]]]..,10,5,5
93,PKB00155,21,.(((.[[[[[)))..]]]]].,.[[[.(((((]]]..))))).,.....(((((.....))))).,.[[[......]]]........,8,5,3
94,PKB00157,26,.(((...[[[[[[)))...]]]]]].,.[[[...((((((]]]...)))))).,.......((((((......)))))).,.[[[.........]]]..........,9,6,3
95,PKB00158,28,.((((.....[[[[[))))...]]]]].,.[[[[.....(((((]]]]...))))).,..........(((((.......))))).,.[[[[..........]]]].........,9,5,4
96,PKB00159,25,.(((.[[[[[.)))....].]]]].,.[[[.(((((.]]]....).)))).,.....(((((........).)))).,.[[[.......]]]...........,8,5,3
97,PKB00160,32,.(((((...[[[[[))))).......]]]]].,.(((((...[[[[[))))).......]]]]].,.(((((........))))).............,.........[[[[[............]]]]].,10,5,5
98,PKB00162,35,.((((((.[[[[[))))))..........]]]]].,.((((((.[[[[[))))))..........]]]]].,.((((((......))))))................,........[[[[[................]]]]].,11,6,5
99,PKB00163,47,(((.((((((.[[[[.)))))).....((((.]]]]...))))))).,(((.((((((.[[[[.)))))).....((((.]]]]...))))))).,(((.((((((......)))))).....((((........))))))).,...........[[[[.................]]]]...........,17,13,4
100,PKB00164,96,.((((((((..((((((..[[[[[.))))))....((((((......)))))))))))))).((((((.....))))))........]]]]]....,.((((((((..((((((..[[[[[.))))))....((((((......)))))))))))))).((((((.....))))))........]]]]]....,.((((((((..((((((........))))))....((((((......)))))))))))))).((((((.....)))))).................,...................[[[[[...............................................................]]]]]....,31,26,5
101,PKB00165,23,.(((.[[[[[)))....]]]]].,.[[[.(((((]]]....))))).,.....(((((.......))))).,.[[[......]]]..........,8,5,3
102,PKB00167,35,.((((..[[[[[[[[))))......].]]]]]]].,.[[[[..((((((((]]]]......).))))))).,.......((((((((..........).))))))).,.[[[[..........]]]]................,12,8,4
103,PKB00169,73,.((((((((((((.[[[[[[.........)))))))))))).....((.(((((.]]]]]]))))).))....,.((((((((((((.[[[[[[.........)))))))))))).....((.(((((.]]]]]]))))).))....,.((((((((((((................)))))))))))).....((.(((((.......))))).))....,..............[[[[[[...................................]]]]]]............,25,19,6
104,PKB00172,39,.((((((.........[[[[[[))))))...]]]]]]..,.((((((.........[[[[[[))))))...]]]]]]..,.((((((...............))))))...........,................[[[[[[.........]]]]]]..,12,6,6
105,PKB00173,73,((((.[[[[[..))))........(((((]]]]]((((....((((....)))).))))........))))).,((((.[[[[[..))))........(((((]]]]]((((....((((....)))).))))........))))).,((((........))))........(((((.....((((....((((....)))).))))........))))).,.....[[[[[...................]]]]].......................................,22,17,5
106,PKB00175,57,..((((.[[[[[[[))))...............................]]]]]]].,..[[[[.(((((((]]]]...............................))))))).,.......(((((((...................................))))))).,..[[[[........]]]].......................................,11,7,4
107,PKB00176,33,..(((((..[[[[[[)))))......]]]]]].,..[[[[[..((((((]]]]]......)))))).,.........((((((...........)))))).,..[[[[[........]]]]].............,11,6,5
108,PKB00177,70,............(((((.((((((......[[[[[[.)))))).)))))..........]]]]]].....,............(((((.((((((......[[[[[[.)))))).)))))..........]]]]]].....,............(((((.((((((.............)))))).))))).....................,..............................[[[[[[.......................]]]]]].....,17,11,6
109,PKB00183,27,.(((.[[[[[[[)))....]]]]]]].,.[[[.(((((((]]]....))))))).,.....(((((((.......))))))).,.[[[........]]]............,10,7,3
110,PKB00184,31,.(((((.[[[[[[)))))......]]]]]].,.[[[[[.((((((]]]]]......)))))).,.......((((((...........)))))).,.[[[[[.......]]]]].............,11,6,5
111,PKB00186,29,.(((((.[[[[[..)))))....]]]]].,.(((((.[[[[[..)))))....]]]]].,.(((((........)))))..........,.......[[[[[...........]]]]].,10,5,5
112,PKB00187,27,.((((...[[[[))))......]]]].,.((((...[[[[))))......]]]].,.((((.......))))...........,........[[[[..........]]]].,8,4,4
113,PKB00188,23,.(((..[[[[[)))...]]]]].,.[[[..(((((]]]...))))).,......(((((......))))).,.[[[.......]]].........,8,5,3
114,PKB00189,28,.((((.[[[[[[[))))...]]]]]]].,.[[[[.(((((((]]]]...))))))).,......(((((((.......))))))).,.[[[[........]]]]...........,11,7,4
115,PKB00190,47,.((((...(((((.[[[[[)))))..)))).........]]]]]...,.((((...(((((.[[[[[)))))..)))).........]]]]]...,.((((...(((((......)))))..)))).................,..............[[[[[....................]]]]]...,14,9,5
116,PKB00194,28,..(((.[[[[[[[)))....]]]]]]].,..[[[.(((((((]]]....))))))).,......(((((((.......))))))).,..[[[........]]]............,10,7,3
117,PKB00197,29,..((((.[[[[[..)))).....]]]]].,..[[[[.(((((..]]]].....))))).,.......(((((...........))))).,..[[[[........]]]]...........,9,5,4
118,PKB00198,32,.((((..[[[[[)))).........]]]]]..,.[[[[..(((((]]]].........)))))..,.......(((((.............)))))..,.[[[[.......]]]]................,9,5,4
119,PKB00201,29,..(((.[[[[[[[))).....]]]]]]].,..[[[.(((((((]]].....))))))).,......(((((((........))))))).,..[[[........]]].............,10,7,3
120,PKB00202,34,.((((...[[[[[[[)))).......]]]]]]].,.[[[[...(((((((]]]].......))))))).,........(((((((...........))))))).,.[[[[..........]]]]...............,11,7,4
121,PKB00204,29,.((((...[[[[[))))......]]]]].,.[[[[...(((((]]]]......))))).,........(((((..........))))).,.[[[[........]]]]............,9,5,4
122,PKB00205,48,.((..((.[[[[..))(((((....))).))..))........]]]].,.((..((.[[[[..))(((((....))).))..))........]]]].,.((..((.......))(((((....))).))..)).............,........[[[[...............................]]]].,13,9,4
123,PKB00206,45,...((((((.............[[[[[))))))....]]]]]...,...((((((.............[[[[[))))))....]]]]]...,...((((((..................))))))............,......................[[[[[..........]]]]]...,11,6,5
124,PKB00207,45,...((((((............[[[[[[))))))....]]]]]]..,...((((((............[[[[[[))))))....]]]]]]..,...((((((..................))))))............,.....................[[[[[[..........]]]]]]..,12,6,6
125,PKB00210,90,.((((((..(((....[[[[[[..))).((((((((((....)))))).((((....))))...)))).)))))).......]]]]]]..,.((((((..(((....[[[[[[..))).((((((((((....)))))).((((....))))...)))).)))))).......]]]]]]..,.((((((..(((............))).((((((((((....)))))).((((....))))...)))).))))))...............,................[[[[[[............................................................]]]]]]..,29,23,6
126,PKB00212,64,.((((..((((....)))).....[[[[.[[[[[))))((((.....))))..]]]]].]]]].,.[[[[..((((....)))).....((((.(((((]]]]((((.....))))..))))).)))).,.......((((....)))).....((((.(((((....((((.....))))..))))).)))).,.[[[[.............................]]]]..........................,21,17,4
127,PKB00213,45,.(((((...((((.[[[[[))))..))))).........]]]]].,.(((((...((((.[[[[[))))..))))).........]]]]].,.(((((...((((......))))..)))))...............,..............[[[[[....................]]]]].,14,9,5
128,PKB00216,45,.((((...(((((.[[[[[)))))..)))).........]]]]].,.((((...(((((.[[[[[)))))..)))).........]]]]].,.((((...(((((......)))))..))))...............,..............[[[[[....................]]]]].,14,9,5
129,PKB00217,73,.............(((((((((((...[[[[[[...)))))))))))...................]]]]]].,.............(((((((((((...[[[[[[...)))))))))))...................]]]]]].,.............(((((((((((............)))))))))))..........................,...........................[[[[[[.................................]]]]]].,17,11,6
130,PKB00218,72,............((((((.((((((....[[[[[[[))))))))))))...............]]]]]]]..,............((((((.((((((....[[[[[[[))))))))))))...............]]]]]]]..,............((((((.((((((...........))))))))))))........................,.............................[[[[[[[...........................]]]]]]]..,19,12,7
131,PKB00220,64,.((((..((((....)))).....[[[[.[[[[[)))).(((.....)))...]]]]].]]]].,.[[[[..((((....)))).....((((.(((((]]]].(((.....)))...))))).)))).,.......((((....)))).....((((.(((((.....(((.....)))...))))).)))).,.[[[[.............................]]]]..........................,20,16,4
132,PKB00221,45,.((((((...(((.[[[[[)))..)))))).........]]]]].,.((((((...(((.[[[[[)))..)))))).........]]]]].,.((((((...(((......)))..))))))...............,..............[[[[[....................]]]]].,14,9,5
133,PKB00224,43,.((((...((((.[[[[[))))..)))).........]]]]].,.((((...((((.[[[[[))))..)))).........]]]]].,.((((...((((......))))..))))...............,.............[[[[[...................]]]]].,13,8,5
134,PKB00226,64,.((((..((((....)))).....[[[[.[[[[.))))((((.....))))...]]]].]]]].,.[[[[..((((....)))).....((((.((((.]]]]((((.....))))...)))).)))).,.......((((....)))).....((((.((((.....((((.....))))...)))).)))).,.[[[[.............................]]]]..........................,20,16,4
135,PKB00227,44,.(((((...((((.[[[[[))))..)))))........]]]]].,.(((((...((((.[[[[[))))..)))))........]]]]].,.(((((...((((......))))..)))))..............,..............[[[[[...................]]]]].,14,9,5
136,PKB00229,67,..((((..((((....)))).....[[[[.[[[[.))))(((((.....)))))...]]]].]]]].,..[[[[..((((....)))).....((((.((((.]]]](((((.....)))))...)))).)))).,........((((....)))).....((((.((((.....(((((.....)))))...)))).)))).,..[[[[.............................]]]]............................,21,17,4
137,PKB00230,48,.((((.((((.((((.[[[[[)))))).)).)))).......]]]]].,.((((.((((.((((.[[[[[)))))).)).)))).......]]]]].,.((((.((((.((((......)))))).)).)))).............,................[[[[[.....................]]]]].,17,12,5
138,PKB00232,62,.(((..((((....))))......[[[.[[[[.)))..(((.....)))....]]]].]]].,.[[[..((((....))))......(((.((((.]]]..(((.....)))....)))).))).,......((((....))))......(((.((((......(((.....)))....)))).))).,.[[[.............................]]]..........................,17,14,3
139,PKB00233,71,............((((((.((((((....[[[[[[[))))))))))))...............]]]]]]].,............((((((.((((((....[[[[[[[))))))))))))...............]]]]]]].,............((((((.((((((...........)))))))))))).......................,.............................[[[[[[[...........................]]]]]]].,19,12,7
140,PKB00234,84,.((((((..(((...[[[.[[[..))).((..(((((((.(((....))).)))))))..)).)))))).......]]].]]].,.((((((..(((...[[[.[[[..))).((..(((((((.(((....))).)))))))..)).)))))).......]]].]]].,.((((((..(((............))).((..(((((((.(((....))).)))))))..)).))))))...............,...............[[[.[[[......................................................]]].]]].,27,21,6
141,PKB00235,77,((((((....[[[[[)))))).(((((.......)))))..........(((((((.........)))))))]]]]],((((((....[[[[[)))))).(((((.......)))))..........(((((((.........)))))))]]]]],((((((.........)))))).(((((.......)))))..........(((((((.........))))))).....,..........[[[[[.........................................................]]]]],23,18,5
142,PKB00237,96,.(((((..[[[[)))))......]]]].(((((((.(((((((((.((((.......))))......))))))))).)))).)))...........,.(((((..[[[[)))))......]]]].(((((((.(((((((((.((((.......))))......))))))))).)))).)))...........,.(((((......)))))...........(((((((.(((((((((.((((.......))))......))))))))).)))).)))...........,........[[[[...........]]]].....................................................................,29,25,4
143,PKB00238,84,.((((((((...((((((((...[[[[[.))))))))....))......((((......)))))))))).........]]]]].,.((((((((...((((((((...[[[[[.))))))))....))......((((......)))))))))).........]]]]].,.((((((((...((((((((.........))))))))....))......((((......))))))))))...............,.......................[[[[[..................................................]]]]].,25,20,5
144,PKB00240,41,..............((((.[[[[.))))........]]]].,..............((((.[[[[.))))........]]]].,..............((((......)))).............,...................[[[[.............]]]].,8,4,4
145,PKB00241,34,.(((((....[[[[[[)))))......]]]]]].,.[[[[[....((((((]]]]]......)))))).,..........((((((...........)))))).,.[[[[[..........]]]]].............,11,6,5
146,PKB00242,34,.((((...[[[[[[[[)))).....]]]]]]]].,.[[[[...((((((((]]]].....)))))))).,........((((((((.........)))))))).,.[[[[...........]]]]..............,12,8,4
147,PKB00244,55,.((((((((((.........[[[[[[[)))))))))).........]]]].]]].,.((((((((((.........[[[[[[[)))))))))).........]]]].]]].,.((((((((((................))))))))))..................,....................[[[[[[[...................]]]].]]].,17,10,7
148,PKB00245,35,.((((((..[[[[[)))))).........]]]]].,.((((((..[[[[[)))))).........]]]]].,.((((((.......))))))...............,.........[[[[[...............]]]]].,11,6,5
149,PKB00246,34,((.((((.....[[[[))))..))......]]]],((.((((.....[[[[))))..))......]]]],((.((((.........))))..))..........,............[[[[..............]]]],10,6,4
150,PKB00247,22,.(((..[[[[)))..]]]]...,.[[[..((((]]]..))))...,......((((.....))))...,.[[[......]]].........,7,4,3
151,PKB00248,66,.((((((.....[[[.(((....(((((((.....))))))).))).))))))........]]]..,.((((((.....[[[.(((....(((((((.....))))))).))).))))))........]]]..,.((((((.........(((....(((((((.....))))))).))).)))))).............,............[[[..............................................]]]..,19,16,3
152,PKB00251,26,.(((..[[[[[.))).....]]]]].,.[[[..(((((.]]].....))))).,......(((((.........))))).,.[[[........]]]...........,8,5,3
153,PKB00253,82,...........((((((((((((((...[[[[[)))))))))))))).............................]]]]].,...........((((((((((((((...[[[[[)))))))))))))).............................]]]]].,...........((((((((((((((........))))))))))))))...................................,............................[[[[[...........................................]]]]].,19,14,5
154,PKB00254,82,............(((((((((((...[[[[[[[)))))))))))((((((((.........))).)))))...]].]]]]].,............(((((((((((...[[[[[[[)))))))))))((((((((.........))).)))))...]].]]]]].,............(((((((((((..........)))))))))))((((((((.........))).)))))............,..........................[[[[[[[........................................]].]]]]].,26,19,7
155,PKB00255,56,.((((((((...............[[[[[[[[[[.))))))))..]]]]]]]]]].,.[[[[[[[[...............((((((((((.]]]]]]]]..)))))))))).,........................((((((((((...........)))))))))).,.[[[[[[[[..........................]]]]]]]].............,18,10,8
156,PKB00257,66,............((((((((((...[[[[[[[[[)))))...))))).........]]]]]]]]].,............((((((((((...[[[[[[[[[)))))...))))).........]]]]]]]]].,............((((((((((............)))))...)))))...................,.........................[[[[[[[[[......................]]]]]]]]].,19,10,9
157,PKB00258,60,.............(((((((((((...[[[[[.)))))))))))..........]]]]].,.............(((((((((((...[[[[[.)))))))))))..........]]]]].,.............(((((((((((.........)))))))))))................,...........................[[[[[......................]]]]].,16,11,5
158,PKB00259,57,.((((((.....((((....))))[[[[[))))))................]]]]].,.((((((.....((((....))))[[[[[))))))................]]]]].,.((((((.....((((....)))).....))))))......................,........................[[[[[......................]]]]].,15,10,5
159,PKB00260,57,.(((((.....((((......))))[[[[.)))))..................]]]],.(((((.....((((......))))[[[[.)))))..................]]]],.(((((.....((((......)))).....)))))......................,.........................[[[[........................]]]],13,9,4
160,PKB00261,59,.((((((.....(((((....)))))[[[[[))))))................]]]]].,.((((((.....(((((....)))))[[[[[))))))................]]]]].,.((((((.....(((((....))))).....))))))......................,..........................[[[[[......................]]]]].,16,11,5
161,PKB00262,56,.((((((((...((((.....)))).[[[))))))))................]]],.((((((((...((((.....)))).[[[))))))))................]]],.((((((((...((((.....))))....))))))))...................,..........................[[[........................]]],15,12,3
162,PKB00263,62,.(((((((......(((((....))))).[[[[.)))))))................]]]].,.(((((((......(((((....))))).[[[[.)))))))................]]]].,.(((((((......(((((....)))))......))))))).....................,.............................[[[[........................]]]].,16,12,4
163,PKB00265,61,.((((((((.....((((....))))[[[[[.))))))))................]]]]],.((((((((.....((((....))))[[[[[.))))))))................]]]]],.((((((((.....((((....))))......)))))))).....................,..........................[[[[[.........................]]]]],17,12,5
164,PKB00266,47,.(((((((......[[[[)))))))...............]]]]...,.(((((((......[[[[)))))))...............]]]]...,.(((((((..........)))))))......................,..............[[[[......................]]]]...,11,7,4
165,PKB00267,72,.(((((((((.......((((((((....))))))))[[[[[)))))))))..............]]]]]..,.(((((((((.......((((((((....))))))))[[[[[)))))))))..............]]]]]..,.(((((((((.......((((((((....)))))))).....))))))))).....................,.....................................[[[[[.......................]]]]]..,22,17,5
166,PKB00268,40,.(((((((...[[[[.)))))))...........]]]]..,.(((((((...[[[[.)))))))...........]]]]..,.(((((((........))))))).................,...........[[[[...................]]]]..,11,7,4
167,PKB00269,66,.(((((((.......((((((((......))))))))....[[[[[)))))))....]]]]]....,.(((((((.......((((((((......))))))))....[[[[[)))))))....]]]]]....,.(((((((.......((((((((......)))))))).........))))))).............,.........................................[[[[[...........]]]]]....,20,15,5
168,PKB00270,62,.((((((((..............((((((.....))))))[[[[[.)))))))).]]]]]..,.((((((((..............((((((.....))))))[[[[[.)))))))).]]]]]..,.((((((((..............((((((.....))))))......))))))))........,........................................[[[[[..........]]]]]..,19,14,5
169,PKB00271,75,.((((.....((((.......))))[[[[[[))))((((((....))))))..................]]]]]],.[[[[.....((((.......))))((((((]]]]((((((....))))))..................)))))),..........((((.......))))((((((....((((((....))))))..................)))))),.[[[[..........................]]]]........................................,20,16,4
170,PKB00272,66,.((((((((.....(((((.((((....)))))))))[[[[[[)))))))).....]]]]]]....,.((((((((.....(((((.((((....)))))))))[[[[[[)))))))).....]]]]]]....,.((((((((.....(((((.((((....)))))))))......))))))))...............,.....................................[[[[[[.............]]]]]]....,23,17,6
171,PKB00273,48,.(((((...........[[[[[[.............)))))]]]]]].,.[[[[[...........((((((.............]]]]])))))).,.................((((((..................)))))).,.[[[[[..............................]]]]].......,11,6,5
172,PKB00274,49,.((((((...........[[[[[[............))))))]]]]]].,.((((((...........[[[[[[............))))))]]]]]].,.((((((.............................)))))).......,..................[[[[[[..................]]]]]].,12,6,6
173,PKB00275,85,.((((((.......[[[[[[)))))).....(((((((.....(((((((....)))))))......)))))))....]]]]]].,.((((((.......[[[[[[)))))).....(((((((.....(((((((....)))))))......)))))))....]]]]]].,.((((((.............)))))).....(((((((.....(((((((....)))))))......)))))))...........,..............[[[[[[..........................................................]]]]]].,26,20,6
174,PKB00276,73,.(.(((((((((((............)))))))).........[[[[[....(((...)))))).)]]]]]..,.[.[[[((((((((............)))))))).........(((((....(((...)))]]].])))))..,......((((((((............)))))))).........(((((....(((...))).....)))))..,.[.[[[.......................................................]]].].......,20,16,4
175,PKB00277,37,.((((((...[[[[[..)).)))).......]]]]].,.((((((...[[[[[..)).)))).......]]]]].,.((((((..........)).)))).............,..........[[[[[................]]]]].,11,6,5
176,PKB00278,29,.((((((...[[[..))))))....]]].,.((((((...[[[..))))))....]]].,.((((((........))))))........,..........[[[............]]].,9,6,3
177,PKB00279,21,.(((((..[[[))))).]]].,.(((((..[[[))))).]]].,.(((((.....))))).....,........[[[......]]].,8,5,3
178,PKB00280,68,.............(((((((.....[[[[[[[.......)))))))..............]]]]]]].,.............(((((((.....[[[[[[[.......)))))))..............]]]]]]].,.............(((((((...................)))))))......................,.........................[[[[[[[............................]]]]]]].,14,7,7
179,PKB00281,43,.............(((((..[[[.))))).........]]]..,.............(((((..[[[.))))).........]]]..,.............(((((......)))))..............,....................[[[...............]]]..,8,5,3
180,PKB00282,28,.((((..[[[[)))).....]]]]....,.((((..[[[[)))).....]]]]....,.((((......)))).............,.......[[[[.........]]]]....,8,4,4
181,PKB00283,29,.((((..[[[[)))).....]]]].....,.((((..[[[[)))).....]]]].....,.((((......))))..............,.......[[[[.........]]]].....,8,4,4
182,PKB00284,30,..((((..[[[[)))).....]]]].....,..((((..[[[[)))).....]]]].....,..((((......))))..............,........[[[[.........]]]].....,8,4,4
183,PKB00285,27,..((((..[[[[)))).....]]]]..,..((((..[[[[)))).....]]]]..,..((((......))))...........,........[[[[.........]]]]..,8,4,4
184,PKB00286,30,..((((...[[[)))).....]]]......,..((((...[[[)))).....]]]......,..((((......))))..............,.........[[[.........]]]......,7,4,3
185,PKB00287,26,.((((..[[[[)))).....]]]]..,.((((..[[[[)))).....]]]]..,.((((......))))...........,.......[[[[.........]]]]..,8,4,4
186,PKB00288,25,.((((..[[[)))).....]]]...,.((((..[[[)))).....]]]...,.((((.....))))...........,.......[[[.........]]]...,7,4,3
187,PKB00289,28,..((((..[[[[)))).....]]]]...,..((((..[[[[)))).....]]]]...,..((((......))))............,........[[[[.........]]]]...,8,4,4
188,PKB00293,24,.((((..[[[)))).....]]]..,.((((..[[[)))).....]]]..,.((((.....))))..........,.......[[[.........]]]..,7,4,3
189,PKB00294,25,..(((.[[[[[[)))...]]]]]].,..[[[.((((((]]]...)))))).,......((((((......)))))).,..[[[.......]]]..........,9,6,3
190,PKB00296,26,..(((.[[[.[[)))...]].]]]..,..[[[.(((.((]]]...)).)))..,......(((.((......)).)))..,..[[[.......]]]...........,8,5,3
191,PKB00297,33,.(((((..[[[[[[[))))).....]]]]]]].,.[[[[[..(((((((]]]]].....))))))).,........(((((((..........))))))).,.[[[[[.........]]]]].............,12,7,5
192,PKB00298,29,.(((....[[[[[)))..]]]]]......,.[[[....(((((]]]..)))))......,........(((((.....)))))......,.[[[.........]]].............,8,5,3
193,PKB00299,25,.(((.[[[[[[)))..]]]]]]...,.[[[.((((((]]]..))))))...,.....((((((.....))))))...,.[[[.......]]]...........,9,6,3
194,PKB00300,37,.......(((((..[[[[[[)))))...]]]]]]...,.......[[[[[..((((((]]]]]...))))))...,..............((((((........))))))...,.......[[[[[........]]]]]............,11,6,5
195,PKB00301,37,.......(((((..[[[[..)))))....]]]]....,.......(((((..[[[[..)))))....]]]]....,.......(((((........)))))............,..............[[[[...........]]]]....,9,5,4
196,PKB00302,31,(((((((...[[[[.)))))))....]]]].,(((((((...[[[[.)))))))....]]]].,(((((((........))))))).........,..........[[[[............]]]].,11,7,4
197,PKB00303,76,.(((((....(((((.((....)).)))))...[[[.[[[[[[(((....))))))))........]]]]]]]]].,.[[[[[....(((((.((....)).)))))...(((.(((((((((....)))]]]]]........))))))))).,..........(((((.((....)).)))))...(((.(((((((((....))).............))))))))).,.[[[[[...............................................]]]]]..................,24,19,5
198,PKB00304,34,(((((...[[[......)))))........]]].,(((((...[[[......)))))........]]].,(((((............)))))............,........[[[...................]]].,8,5,3
199,PKB00305,80,.(((((....((((((((....))).)))))..[[[[.[[[[[[(((....)))))))).........]]]].]]]]]].,.[[[[[....((((((((....))).)))))..((((.(((((((((....)))]]]]].........)))).)))))).,..........((((((((....))).)))))..((((.(((((((((....)))..............)))).)))))).,.[[[[[................................................]]]]].....................,26,21,5
200,PKB00306,78,.(((((....((((.(((....)))..))))..[[[[.[[[[[[(((....)))))))).......]]]].]]]]]].,.[[[[[....((((.(((....)))..))))..((((.(((((((((....)))]]]]].......)))).)))))).,..........((((.(((....)))..))))..((((.(((((((((....)))............)))).)))))).,.[[[[[................................................]]]]]...................,25,20,5
201,PKB00308,80,..(((((.....((((((((....))))))))..[[[[.[[[[[[(((....))))))))........]]]].]]]]]].,..[[[[[.....((((((((....))))))))..((((.(((((((((....)))]]]]]........)))).)))))).,............((((((((....))))))))..((((.(((((((((....))).............)))).)))))).,..[[[[[................................................]]]]]....................,26,21,5
202,PKB00343,54,((((((([[[[[[.....((....)).....))))))).........]]]]]].,((((((([[[[[[.....((....)).....))))))).........]]]]]].,(((((((...........((....)).....)))))))................,.......[[[[[[..................................]]]]]].,15,9,6
203,PKB00344,94,((((((((....(.(((...(((.[.[[)))......))))(((..(((....))).)))...(]].](((((....)))))..))))))))).,((((((((....(.(((...(((.[.[[)))......))))(((..(((....))).)))...(]].](((((....)))))..))))))))).,((((((((....(.(((...(((.....)))......))))(((..(((....))).)))...(....(((((....)))))..))))))))).,........................[.[[....................................]].]..........................,30,27,3
204,PKB00345,52,.((((((.......[[.[.[[[[[)))))).........].]].]].].]].,.[[[[[[.......((.(.(((((]]]]]].........).)).)).).)).,..............((.(.(((((...............).)).)).).)).,.[[[[[[.................]]]]]]......................,14,8,6
205,PKB00346,75,............(((((((((((......[[[[[[[...))))))))))).((....))........]]]]]]].,............(((((((((((......[[[[[[[...))))))))))).((....))........]]]]]]].,............(((((((((((................))))))))))).((....))................,.............................[[[[[[[...............................]]]]]]].,20,13,7
206,PKB00348,77,............(((((((((((.......[[[[[[[..))))))))))).((....)).......]]]]]]]....,............(((((((((((.......[[[[[[[..))))))))))).((....)).......]]]]]]]....,............(((((((((((................))))))))))).((....))..................,..............................[[[[[[[.............................]]]]]]]....,20,13,7
207,PKB00349,80,............(((((((((((.......[[[[[[[..)))))))))))................]]]]]]].......,............(((((((((((.......[[[[[[[..)))))))))))................]]]]]]].......,............(((((((((((................)))))))))))..............................,..............................[[[[[[[.............................]]]]]]].......,18,11,7
208,PKB00350,77,............(((((((((((........[[[[[[..)))))))))))................]]]]]].....,............(((((((((((........[[[[[[..)))))))))))................]]]]]].....,............(((((((((((................)))))))))))...........................,...............................[[[[[[.............................]]]]]].....,17,11,6
209,PKB00351,80,.............(((((((((((.......[[[[[[[..)))))))))))................]]]]]]]......,.............(((((((((((.......[[[[[[[..)))))))))))................]]]]]]]......,.............(((((((((((................))))))))))).............................,...............................[[[[[[[.............................]]]]]]]......,18,11,7
210,PKB00352,70,................(((.(((((((...[[[[[[[.))))))).))).............]]]]]]].,................(((.(((((((...[[[[[[[.))))))).))).............]]]]]]].,................(((.(((((((...........))))))).))).....................,..............................[[[[[[[.........................]]]]]]].,17,10,7
211,PKB00353,70,..................(((((((((((.[[[[[[[[))))))))))).........]]]]]]]]....,..................(((((((((((.[[[[[[[[))))))))))).........]]]]]]]]....,..................(((((((((((.........))))))))))).....................,..............................[[[[[[[[....................]]]]]]]]....,19,11,8
212,PKB00359,40,....((((....[[[.))))......]]]...........,....((((....[[[.))))......]]]...........,....((((........))))....................,............[[[...........]]]...........,7,4,3
213,PKB00361,80,.....((((((((((.[[[))))))))))...((((...(((.(((....))).)))...)))).........]]]....,.....((((((((((.[[[))))))))))...((((...(((.(((....))).)))...)))).........]]]....,.....((((((((((....))))))))))...((((...(((.(((....))).)))...))))................,................[[[......................................................]]]....,23,20,3
214,PKB00362,90,.............((((((((....[[[[))))))))((.((((...(((.(((....))).)))...))))))......]]]]......,.............((((((((....[[[[))))))))((.((((...(((.(((....))).)))...))))))......]]]]......,.............((((((((........))))))))((.((((...(((.(((....))).)))...))))))................,.........................[[[[...................................................]]]]......,24,20,4
215,PKB00363,80,.....(((((((((..[[[[)))))))))...(((((((.(((.(((....))).))).)))))))........]]]]..,.....(((((((((..[[[[)))))))))...(((((((.(((.(((....))).))).)))))))........]]]]..,.....(((((((((......)))))))))...(((((((.(((.(((....))).))).)))))))..............,................[[[[......................................................]]]]..,26,22,4
216,PKB00364,80,.....((((((((....[[[[.))))))))...(((((..(((.(((....))).)))..)))))..........]]]].,.....((((((((....[[[[.))))))))...(((((..(((.(((....))).)))..)))))..........]]]].,.....((((((((.........))))))))...(((((..(((.(((....))).)))..)))))...............,.................[[[[......................................................]]]].,23,19,4
217,PKB00365,90,.....(((((((((..[[[[)))))))))...(((((((..((.((((((.....)))....))).))..))))))).........]]]],.....(((((((((..[[[[)))))))))...(((((((..((.((((((.....)))....))).))..))))))).........]]]],.....(((((((((......)))))))))...(((((((..((.((((((.....)))....))).))..))))))).............,................[[[[..................................................................]]]],28,24,4
218,PKB00366,80,..(((((..[[[[[))))).......((((((.((((((((....)))))))).)))))).....]]]]]..........,..(((((..[[[[[))))).......((((((.((((((((....)))))))).)))))).....]]]]]..........,..(((((.......))))).......((((((.((((((((....)))))))).))))))....................,.........[[[[[...................................................]]]]]..........,24,19,5
219,PKB00367,64,((((...((((......))))....[[[[[[[))))(.(((........))).).]]]]]]]..,[[[[...((((......))))....(((((((]]]](.(((........))).).)))))))..,.......((((......))))....(((((((....(.(((........))).).)))))))..,[[[[............................]]]]............................,19,15,4
220,PKB00368,28,.((((.[[[[[)))).......]]]]].,.[[[[.(((((]]]].......))))).,......(((((...........))))).,.[[[[......]]]].............,9,5,4
221,PKB00369,30,.((((((.[[[[[)))))).....]]]]].,.((((((.[[[[[)))))).....]]]]].,.((((((......))))))...........,........[[[[[...........]]]]].,11,6,5
222,PKB00370,38,.(((((((.[[[[[[...)))))))......]]]]]].,.(((((((.[[[[[[...)))))))......]]]]]].,.(((((((..........))))))).............,.........[[[[[[................]]]]]].,13,7,6
223,PKB00371,31,.(((((.[[[[[)))))........]]]]].,.(((((.[[[[[)))))........]]]]].,.(((((......)))))..............,.......[[[[[.............]]]]].,10,5,5
224,PKB00372,41,...(((((((.[[[.....)))))))...........]]].,...(((((((.[[[.....)))))))...........]]].,...(((((((.........)))))))...............,...........[[[.......................]]].,10,7,3
225,PKB00374,64,...........(((((((......[[[[[[[[[.))))))).......]]]]]]]]].......,...........[[[[[[[......(((((((((.]]]]]]].......))))))))).......,........................(((((((((...............))))))))).......,...........[[[[[[[................]]]]]]].......................,16,9,7
226,PKB00375,44,.((((((((((.[[[[[....))))))))))......]]]]]..,.((((((((((.[[[[[....))))))))))......]]]]]..,.((((((((((..........)))))))))).............,............[[[[[....................]]]]]..,15,10,5
227,PKB00376,41,((((((.[[[[[[[)).))))............]]]]]]].,[[[[[[.(((((((]].]]]]............))))))).,.......(((((((...................))))))).,[[[[[[........]].]]]]....................,13,7,6
228,PKB00382,99,...((((((((.....((((((..[[[[[[[)))))))))))))).......((((((((((....))))))))))...............]]]]]]].,...((((((((.....((((((..[[[[[[[)))))))))))))).......((((((((((....))))))))))...............]]]]]]].,...((((((((.....((((((.........)))))))))))))).......((((((((((....)))))))))).......................,........................[[[[[[[............................................................]]]]]]].,31,24,7
229,PKB00383,95,.(((((((......(((((.((...[[[[[.))))))))))))))....((((((((((....))))))))))..............]]]]]...,.(((((((......(((((.((...[[[[[.))))))))))))))....((((((((((....))))))))))..............]]]]]...,.(((((((......(((((.((.........))))))))))))))....((((((((((....))))))))))......................,.........................[[[[[.........................................................]]]]]...,29,24,5
230,PKB00384,98,...((((((((.......((((((..[[[[[[.)))))).))))))))...((((((((((....))))))))))................]]]]]].,...((((((((.......((((((..[[[[[[.)))))).))))))))...((((((((((....))))))))))................]]]]]].,...((((((((.......((((((.........)))))).))))))))...((((((((((....)))))))))).......................,..........................[[[[[[...........................................................]]]]]].,30,24,6
231,PKB00396,100,.(((((((((((((((.[[[[[[))))))))......)))))))...((((....))))....(((((((.....)))))))...........]]]]]].,.(((((((((((((((.[[[[[[))))))))......)))))))...((((....))))....(((((((.....)))))))...........]]]]]].,.(((((((((((((((.......))))))))......)))))))...((((....))))....(((((((.....)))))))..................,.................[[[[[[......................................................................]]]]]].,32,26,6
232,PKB400,52,.((((((.......[[...[[[[[)))))).........].]].]]...]].,.[[[[[[.......((...(((((]]]]]].........).)).))...)).,..............((...(((((...............).)).))...)).,.[[[[[[.................]]]]]]......................,13,7,6
233,PKB405,89,((((....((((((((((((......(((((((...[[[[[...))))))).....((....))))).))))))))).]]]]].)))).,((((....((((((((((((......(((((((...[[[[[...))))))).....((....))))).))))))))).]]]]].)))).,((((....((((((((((((......(((((((...........))))))).....((....))))).))))))))).......)))).,....................................[[[[[.....................................]]]]]......,30,25,5
234,PKB406,54,(((((...((((.((...)..(..[[[...)..)......))))..]]]))))),(((((...((((.((...)..(..[[[...)..)......))))..]]]))))),(((((...((((.((...)..(........)..)......)))).....))))),........................[[[...................]]].....,15,12,3
235,PKB408,76,.(((((..........((((((((....))))))))[[[[[[[[[[[..)))))...........]]]]]]]]]]],.[[[[[..........((((((((....))))))))(((((((((((..]]]]]...........))))))))))),................((((((((....))))))))(((((((((((..................))))))))))),.[[[[[...........................................]]]]]......................,24,19,5
236,PKB411,45,......(((((...[[[[[..))))).........]]]]].....,......(((((...[[[[[..))))).........]]]]].....,......(((((..........)))))...................,..............[[[[[................]]]]].....,10,5,5
237,PKB414,65,.........((((((((.......[[[[[[[[[[))))))).).....]]]]]]]]]].......,.........[[[[[[[[.......((((((((((]]]]]]].].....)))))))))).......,........................((((((((((..............)))))))))).......,.........[[[[[[[[.................]]]]]]].]......................,18,10,8
238,PKB415,35,((((.(.(((((.[[[[[)))))).))))]]]]].,((((.(.(((((.[[[[[)))))).))))]]]]].,((((.(.(((((......)))))).))))......,.............[[[[[...........]]]]].,15,10,5
239,PKB422,52,.((((..[[[[[[))))......(((((....)))))....]]]]]].....,.[[[[..((((((]]]]......(((((....)))))....)))))).....,.......((((((..........(((((....)))))....)))))).....,.[[[[........]]]]...................................,15,11,4
240,PKB423,34,.....(((...[[[[.))).....]]]]......,.....[[[...((((.]]].....))))......,...........((((.........))))......,.....[[[........]]]...............,7,4,3
241,PKB425,77,((((((((....))))))))((((((((.......[[[[[..))))))))......((((....))))..]]]]]..,((((((((....))))))))((((((((.......[[[[[..))))))))......((((....))))..]]]]]..,((((((((....))))))))((((((((..............))))))))......((((....)))).........,...................................[[[[[..............................]]]]]..,25,20,5
242,PKB428,43,((((((((.(((.[[[[[))))))))))).........]]]]],((((((((.(((.[[[[[))))))))))).........]]]]],((((((((.(((......)))))))))))..............,.............[[[[[....................]]]]],16,11,5
243,PKB429,41,((((.......[[[[[[[.[))))....].....]]]]]]],[[[[.......(((((((.(]]]]....).....))))))),...........(((((((.(........).....))))))),[[[[................]]]].................,12,8,4
244,PKB430,52,((((..............[[[[[[))))((.......))...]]]].]]...,[[[[..............((((((]]]]((.......))...)))).))...,..................((((((....((.......))...)))).))...,[[[[....................]]]]........................,12,8,4
245,PKB431,36,((((((.[[[[[[)))))).........]]]]]]..,((((((.[[[[[[)))))).........]]]]]]..,((((((.......)))))).................,.......[[[[[[...............]]]]]]..,12,6,6
246,PKB432,32,....(((((..[[[.)))))........]]].,....(((((..[[[.)))))........]]].,....(((((......)))))............,...........[[[..............]]].,8,5,3
247,PKB433,34,(((((..[[[[[[.)))))........]]]]]].,[[[[[..((((((.]]]]]........)))))).,.......((((((..............)))))).,[[[[[.........]]]]]...............,11,6,5
248,PKB434,59,(...((...(((....)))..))...)....(((...[[[[...))).......]]]].,(...((...(((....)))..))...)....[[[...((((...]]].......)))).,(...((...(((....)))..))...)..........((((.............)))).,...............................[[[..........]]]............,13,10,3
249,PKB435,48,(((((......[.[[[[[[[[[[))))).....].].]]]]]]]].].,[[[[[......(.((((((((((]]]]].....).).)))))))).).,...........(.((((((((((..........).).)))))))).).,[[[[[..................]]]]]....................,16,11,5
250,PKB436,70,(((((.(((((((.[[[[[).)))))).((((((((......))))))))))))).........]]]]].,(((((.(((((((.[[[[[).)))))).((((((((......))))))))))))).........]]]]].,(((((.(((((((......).)))))).((((((((......)))))))))))))...............,..............[[[[[.............................................]]]]].,25,20,5
251,PKB437,36,..(((((.[[[[[[[))))).......]]]]]]]..,..[[[[[.(((((((]]]]].......)))))))..,........(((((((............)))))))..,..[[[[[........]]]]]................,12,7,5
252,PKB439,36,....((((....[[[.))))......]]].......,....((((....[[[.))))......]]].......,....((((........))))................,............[[[...........]]].......,7,4,3
253,PKB443,73,.((((((((..(.[[[[[....((((....))))..)..))))))))........(((..]]]]]..)))...,.((((((((..(.[[[[[....((((....))))..)..))))))))........(((..]]]]]..)))...,.((((((((..(..........((((....))))..)..))))))))........(((.........)))...,.............[[[[[..........................................]]]]]........,21,16,5
254,PKB444,87,(((((((((.(..[[[.).)))))....((((.]].]...))))))))((((((((.(..(((((....)))))..)))))))))..,(((((((((.(..[[[.).)))))....((((.]].]...))))))))((((((((.(..(((((....)))))..)))))))))..,(((((((((.(......).)))))....((((........))))))))((((((((.(..(((((....)))))..)))))))))..,.............[[[.................]].]..................................................,31,28,3
